RecordID,subscribe
14664,no
25250,no
4070,no
19446,no
5111,no
10922,no
10234,no
16795,no
16999,no
13295,no
4964,no
11414,no
11454,no
12683,yes
26530,no
5031,no
14396,no
11945,no
1410,no
24880,no
29404,yes
8861,no
12719,no
1169,no
11816,no
16182,no
8690,no
433,no
25496,no
17195,no
27316,yes
17667,no
25718,no
18192,no
13450,no
24475,no
2908,no
11099,no
29940,yes
22413,no
8095,no
11752,no
3010,no
27404,no
28880,no
7228,no
4020,no
5099,no
26654,no
19615,no
7847,no
15367,no
9815,no
24992,no
21400,no
5695,no
353,no
14941,no
18610,no
11252,no
11627,no
17232,no
23278,yes
20950,no
2810,no
23244,no
1233,no
46,no
4621,no
11970,no
3728,no
19702,yes
22301,no
29152,no
2412,no
19098,no
8597,no
17520,no
26945,yes
7230,no
16900,no
26270,no
12315,no
22095,no
20271,no
5745,no
27535,no
14127,no
7745,no
11095,no
370,no
15728,no
5919,no
3823,no
22821,no
24029,no
27630,no
22477,no
11840,no
1498,no
14551,no
28813,yes
227,no
18547,no
994,yes
11147,no
17843,no
17282,no
29711,yes
12697,no
29531,no
19633,no
27059,no
21198,no
3102,no
26641,no
22886,no
18248,no
18422,no
12226,no
14670,no
24990,no
7194,no
5479,no
14764,no
22778,no
14330,no
28051,no
14515,no
26755,no
8459,no
17726,no
29606,no
23953,no
8601,no
13762,no
17488,no
22782,no
10491,no
14825,no
17862,yes
29488,no
29986,yes
23248,no
20129,no
11459,no
15078,no
187,no
26113,no
16134,no
10455,no
2743,no
9326,no
15637,no
7485,no
26000,no
19265,no
13327,no
7367,no
7577,no
11037,no
22369,no
53,no
8834,no
9504,no
2936,no
26400,no
11190,no
12581,no
20569,no
2140,no
15197,no
18866,no
23542,no
1526,no
20916,no
3572,no
22774,no
9309,no
12605,no
19353,no
27453,yes
5366,no
22267,no
25966,no
12165,no
14250,no
27624,no
7950,no
22892,yes
4500,no
14416,no
24850,no
7191,no
19750,no
10625,no
4398,no
24267,no
3028,no
14042,no
25373,no
24260,no
1058,no
25585,no
18451,no
9071,no
379,no
8405,no
4148,no
10181,no
2120,no
2440,no
9169,no
10340,no
12672,no
8795,no
15756,no
25094,yes
23243,no
15722,no
19739,no
6420,no
6210,no
649,no
499,no
6921,no
18000,no
15221,no
14365,no
6658,no
5024,yes
29477,no
23699,no
2407,no
25027,no
22313,no
23558,no
5719,no
3222,no
22669,no
4635,no
11557,no
6917,no
12118,no
5115,yes
21503,no
16930,no
26444,yes
6409,no
14811,no
13550,no
2061,no
4833,no
6943,no
19628,no
24485,no
15465,no
28954,yes
69,no
736,no
9042,no
8046,no
19912,no
25252,no
22018,yes
13140,no
11677,no
1865,no
2193,no
38,no
11505,no
18929,no
18424,no
19406,no
495,no
24338,no
21618,no
2889,yes
25306,no
10906,no
29667,yes
7338,no
875,no
29240,yes
25946,no
22960,yes
13963,no
7957,no
13596,no
7198,no
16073,no
1880,no
10744,no
24742,no
8359,no
25309,no
12131,no
6619,no
29201,yes
16761,no
24703,no
6930,no
26500,no
5634,no
29072,no
13538,yes
10815,no
297,no
29570,no
6324,no
23623,no
25995,no
441,no
19233,no
11466,no
3142,no
13557,no
2505,no
8701,no
29743,yes
24005,yes
25151,no
26794,yes
13261,no
591,no
13228,no
9824,no
11829,no
10783,no
25963,yes
16605,no
547,no
8505,no
10570,no
21983,no
5334,no
7956,no
11956,no
8178,no
17029,no
13404,no
18702,no
21514,no
15787,no
17007,no
29259,no
6857,no
6816,no
29510,yes
25386,no
27712,no
1527,no
21416,no
21552,no
17695,no
20177,no
25894,no
14223,no
9021,no
3509,no
6465,no
231,no
20041,no
733,no
10201,yes
8016,no
4045,no
27354,no
23621,no
28854,no
16129,no
10565,no
20858,no
23177,no
10812,no
7902,no
29739,yes
9274,no
20386,yes
10274,no
12987,no
22214,no
5505,no
18329,no
9462,no
14571,no
21355,no
27118,no
21515,no
25823,no
13455,no
18247,no
19313,yes
25028,no
24690,no
25279,no
5913,no
21471,no
18650,no
20284,no
896,no
744,no
27233,yes
14368,no
19490,no
4710,no
5174,no
24399,no
1570,no
18553,no
1440,no
23078,no
25703,no
7284,no
9379,yes
17273,yes
28634,no
402,no
16484,no
20958,no
29377,yes
17136,no
11398,no
28985,no
15009,no
11789,no
25427,yes
12272,no
14927,no
22688,yes
13055,no
11730,no
13361,no
12869,no
3449,no
12443,no
1050,no
25437,no
23037,no
27513,no
6765,no
16397,no
17300,yes
11472,no
13222,no
37,no
20612,no
29859,no
8185,no
19240,no
13755,no
13083,no
22597,no
26601,yes
18885,no
1930,no
4701,no
12819,no
4913,no
25655,no
26189,no
25948,yes
11947,yes
7712,no
9211,no
6686,no
20114,no
10168,no
7263,no
14468,no
5429,no
22421,no
9678,no
14835,no
18522,no
7634,no
6490,no
6538,no
21049,no
18567,no
19021,no
4936,no
22547,no
2237,no
10776,no
378,no
1533,no
5148,no
20110,no
5690,no
16952,no
16056,no
28079,no
3213,no
10433,no
11345,no
6265,no
16857,no
23396,no
17536,no
15534,no
505,no
7270,no
24069,no
8679,no
6385,no
20083,no
26399,no
1335,no
21109,no
20005,no
29806,yes
27011,no
9865,no
5350,no
29065,yes
1592,no
8755,no
27674,no
21053,no
28194,no
20184,no
29015,yes
8466,no
5438,no
5657,no
4503,no
6677,no
15084,no
1782,no
28899,no
12619,no
8916,no
11188,no
23106,no
1293,no
18613,no
18423,no
12394,no
27440,no
4788,no
2011,no
14583,no
27862,yes
4352,no
7475,no
20731,no
17742,no
28471,no
3832,no
9331,no
19364,no
18588,no
9209,no
23138,no
10172,no
3679,no
19874,no
8304,no
5904,no
12365,no
25194,no
9758,no
3777,no
27871,yes
8528,no
27764,no
29422,yes
7513,no
21297,no
28434,no
23598,no
22041,no
1069,no
22555,no
4101,no
22576,no
16432,no
579,no
4970,no
8572,no
20269,yes
29397,no
1861,no
22074,no
14277,yes
21375,no
21370,no
14356,no
28439,no
6798,no
7735,no
14369,no
9105,no
21574,no
28457,yes
27725,no
1837,no
742,no
11215,no
24115,no
24651,no
23937,no
23576,no
11333,no
5240,no
5496,no
3183,no
2742,yes
1628,no
24707,no
27352,no
29225,yes
19711,no
13309,no
12640,no
14342,no
19971,no
17899,no
3936,no
27389,no
22734,no
17356,no
16204,no
2907,yes
8355,no
14559,no
13267,no
18455,no
25442,no
24058,no
23973,no
20507,no
29086,yes
2118,no
15786,no
10434,no
4170,no
19308,no
466,no
3250,no
20051,no
5665,yes
11890,no
2530,no
7799,no
5834,no
11856,no
29953,yes
29700,yes
21086,no
2608,no
29910,yes
4865,no
21684,no
4841,no
9264,no
4749,no
20074,no
13437,no
20552,no
565,no
2174,no
23262,no
28115,yes
2326,no
7238,no
20590,no
27768,no
24726,no
6523,no
24649,no
8042,no
27435,no
21372,no
18332,no
22431,no
156,no
21019,no
20079,no
935,no
9192,no
20359,yes
6489,no
27388,no
19962,no
9769,no
1057,no
20255,no
14392,no
19578,no
7803,no
6784,no
24543,no
12453,no
8948,no
21908,no
20517,no
3219,no
10521,no
23068,no
11296,no
13054,no
1967,no
24509,no
13400,no
2656,no
16913,no
15337,no
13776,no
15729,no
6165,no
29831,yes
26414,no
21603,no
5095,no
26718,no
15579,no
10009,no
16548,no
17451,no
28407,no
6589,no
11770,no
24020,no
28851,no
7757,no
23560,no
1264,no
9219,no
24291,no
14033,yes
29868,yes
11195,no
569,no
23572,no
14009,no
25812,no
9146,no
28030,yes
27076,no
21518,no
24076,no
19930,no
3091,no
28035,no
2484,no
13396,no
7878,no
4021,no
4993,no
19903,no
16437,no
23960,no
5252,no
8453,no
2151,no
635,no
3700,no
5027,no
29522,no
20617,yes
14328,no
20637,no
19158,no
13032,no
23459,no
5166,no
26434,yes
1041,no
14487,no
26181,no
22906,no
19570,no
25578,no
6494,no
11154,no
5134,no
16915,no
9484,no
8172,no
8687,no
22757,no
29741,yes
5123,no
9700,no
27350,yes
22164,no
26247,no
22237,no
13034,no
25628,yes
24885,no
13154,no
21318,no
25741,no
4520,no
27378,no
22838,no
24623,no
525,no
948,no
18708,no
8007,no
27196,no
26789,no
10338,no
23877,no
12379,yes
25901,no
5131,no
4035,no
12480,no
7764,no
29668,yes
17635,yes
15537,yes
16292,no
20886,no
17779,no
9568,no
11224,no
23217,no
13675,no
8775,no
13973,no
15391,no
3855,no
24368,no
3110,no
26987,no
23957,no
7182,no
2728,no
9585,no
11538,no
10656,yes
23857,no
28358,no
24212,no
16969,no
29976,yes
7494,no
14623,no
4730,no
16177,no
11075,no
17999,no
3531,no
27824,no
18674,no
19623,no
2460,no
18570,no
16973,no
27505,yes
26499,no
17141,no
14414,no
4509,no
18850,no
9455,no
7361,no
11014,no
6170,no
26165,no
23265,no
629,no
23823,no
9319,no
23478,no
17573,no
13472,no
12217,no
26070,yes
14301,no
2069,no
28646,yes
6342,no
23852,no
15259,no
14232,no
40,no
26592,no
18914,no
24948,no
21391,no
16352,no
20812,yes
23159,no
738,no
18769,no
29952,yes
362,no
23406,yes
22940,no
39,no
9355,no
8063,no
2949,no
19521,no
7122,no
24765,no
8277,no
13318,no
26082,no
12107,no
6109,no
24528,no
2795,no
24851,no
1910,yes
9232,no
6274,no
29320,yes
26302,no
23829,no
8461,no
28011,no
23914,no
22450,no
21996,yes
23045,no
12440,no
16829,no
9997,no
22117,no
13690,no
21274,no
8041,no
9920,no
27314,yes
10641,no
26947,no
13992,no
21821,no
13357,no
27657,yes
9528,no
5283,no
11377,no
844,no
29818,yes
5392,no
5371,no
12117,no
25623,no
2245,no
22453,yes
16222,no
7546,no
18031,no
11019,no
16269,no
25081,no
21602,no
20120,no
13667,no
26846,no
12310,no
11907,no
16005,no
19917,no
2464,no
15557,no
11360,no
12012,no
16620,no
11520,no
17927,no
23682,yes
20995,no
20092,no
29696,yes
6548,no
29583,yes
195,no
6191,no
7471,no
14610,no
16721,no
9466,no
22498,no
7113,no
15161,no
7919,no
27765,no
25521,no
22609,no
7564,no
28228,no
10415,no
16566,no
2695,no
27829,no
9853,no
10696,no
26699,no
15400,no
21508,no
12736,no
14266,no
5941,no
27743,no
23130,no
11940,no
22976,no
23242,no
22023,yes
167,no
5006,no
29182,yes
20262,no
1090,no
3769,no
24889,no
10480,no
8301,no
18630,no
7644,no
13701,no
17254,no
9092,no
10714,no
27703,no
1984,no
19418,no
10478,no
26462,no
17009,no
21711,no
6099,no
7964,no
4949,no
23190,no
6219,no
7470,no
4461,no
8270,no
7821,no
8366,no
18516,no
4125,no
5242,no
14861,no
25431,no
29936,yes
29593,yes
21970,no
3817,no
17869,no
22361,no
12648,no
11694,no
11664,yes
6357,no
5723,no
20127,no
22168,yes
29029,yes
21918,no
29289,no
21030,no
320,no
5186,no
4886,no
23775,no
5320,no
9423,no
8955,no
28682,yes
955,no
28245,no
1116,no
27104,yes
1192,no
22116,no
21333,no
18872,no
18042,no
27575,no
11549,no
25321,no
10077,no
21173,no
27227,yes
26484,yes
14898,no
2246,no
3726,no
16709,no
13742,no
4808,no
27983,no
18960,no
20816,yes
2745,no
21264,no
26277,no
17145,yes
12654,no
22804,no
28154,no
2924,no
25048,no
8548,no
5196,no
9614,no
28719,no
29265,yes
12252,no
22604,no
21649,no
23419,no
14318,no
28026,no
18706,no
27733,no
12579,no
15687,no
20028,no
25523,no
2562,no
26648,no
12498,no
6451,no
14390,no
7765,no
9819,no
3875,no
10595,no
9617,no
17501,no
13870,no
26022,no
3095,no
14691,no
19757,no
19862,no
26918,no
28464,no
26722,yes
19245,no
5413,no
27767,yes
14111,no
26071,no
13163,no
10099,no
21217,no
8117,no
5452,no
13099,no
13798,no
26385,no
13394,no
18084,no
19201,no
9327,no
19065,no
18013,no
21419,no
4552,no
12412,no
11194,no
18635,no
28355,yes
21577,no
3057,no
2476,no
9975,no
6,no
4194,no
20123,no
24435,no
21884,no
17887,no
2669,no
19906,no
14606,no
3723,no
13599,no
15614,no
19703,no
16020,no
6737,no
15096,no
22253,no
7035,no
4179,no
5603,no
13162,no
22839,no
16339,no
19782,no
18358,no
2620,no
14391,no
24758,no
10523,no
29219,yes
15208,no
17752,no
5316,no
26106,no
12848,no
26930,no
11496,no
9106,yes
12604,no
17727,no
12952,no
9037,no
11996,no
15771,no
19641,no
24600,no
19684,no
25991,no
29149,no
449,no
10533,no
29554,no
22991,no
19141,no
26155,no
218,no
22014,yes
4906,no
1707,no
27216,no
15267,no
14144,no
13786,no
15092,no
11307,no
3326,no
11645,no
205,no
3224,no
2092,no
26296,no
5632,no
26771,no
21456,no
4373,no
23442,no
25214,no
20986,no
1105,no
16419,no
4149,no
22857,yes
2794,no
26479,yes
16980,no
21466,no
28291,no
3896,no
6332,no
4494,no
8590,yes
3599,no
9151,no
22587,no
14507,no
11424,no
21196,yes
18117,no
23073,no
20279,yes
25190,no
5457,no
20717,no
13522,no
28251,no
1475,no
11687,no
22549,no
15591,no
23795,no
29272,yes
27393,yes
2667,no
20067,no
29232,yes
20621,no
14932,no
19206,no
4550,no
2,no
11486,no
20390,yes
17952,no
3032,no
7021,no
21789,no
13812,no
3891,no
26488,yes
21587,no
22997,no
13165,no
28507,yes
3542,yes
18341,no
28543,no
1682,no
17131,no
28733,yes
18618,no
22013,no
15698,no
24727,no
16470,no
13454,no
28930,yes
5986,no
3579,no
7150,no
1935,no
22395,no
21815,no
27313,no
3227,no
153,no
20245,no
29161,no
28236,yes
3468,no
11120,yes
16319,no
27018,no
3248,no
20762,no
10515,no
8423,no
27085,no
26120,no
27520,no
393,no
5765,yes
20667,yes
15855,no
29026,yes
24810,no
3021,no
27107,no
16890,no
2442,no
319,no
11453,no
24671,no
1644,no
16701,yes
18246,no
14195,no
5585,no
24748,no
19743,yes
4259,no
11621,no
17507,yes
25631,no
7588,no
5147,no
7701,no
7042,no
19063,no
23333,no
19413,no
17972,no
16308,no
1431,no
15314,no
23134,yes
2175,no
469,no
2185,no
17171,no
210,no
10670,no
862,no
18793,no
15048,no
22387,no
10055,no
2965,no
23363,no
10622,no
3423,no
3800,no
12307,no
24404,no
16783,no
3585,no
10363,no
28201,yes
5365,no
149,no
13397,no
13625,no
18542,no
24746,no
23079,no
12103,no
5595,no
22442,no
27603,no
1904,no
2423,no
18740,no
22670,no
22039,no
15858,no
24721,no
23959,yes
4364,no
27993,no
11408,no
124,no
26131,no
24824,no
4991,no
3376,no
5677,no
21253,no
14894,no
8433,no
5551,no
19121,no
10760,no
1407,no
6077,no
19752,no
10190,no
13975,no
20038,no
6887,no
2220,no
26437,yes
23472,no
8833,no
22110,no
27171,no
12196,no
14991,yes
6064,no
12928,no
3944,no
6078,no
368,no
16583,no
12169,no
2173,no
18021,no
1605,no
29073,yes
13925,no
19941,no
19001,no
13246,no
28860,no
23905,no
17430,no
726,no
5195,no
6112,no
5845,no
8810,no
20118,no
1132,no
17533,no
6819,no
24565,no
16342,no
11966,no
13575,no
28792,no
10121,no
11802,no
25121,no
7488,no
10285,no
7499,no
2650,no
4972,no
29717,yes
20614,no
14800,no
15874,no
5915,no
27559,no
1219,no
17323,no
28276,no
28766,no
9032,no
1473,no
23171,no
3571,no
6359,no
16835,no
181,no
19645,no
13694,no
27142,no
12119,no
13811,no
14001,no
24188,no
19131,no
26617,no
24125,no
15820,no
6971,no
9770,no
18993,no
29502,no
23695,no
7085,no
22872,no
19408,yes
24002,no
15287,no
11236,no
16170,no
8791,no
17390,no
21185,no
4881,no
3625,no
5991,no
16051,no
27615,no
13595,no
20710,no
3240,no
11922,no
26638,no
28849,no
13659,no
9515,no
7876,no
1303,no
12991,no
8848,no
26303,yes
23643,no
869,no
23666,no
8880,no
17230,no
25116,no
6110,no
12243,no
2769,no
12553,yes
7403,no
6311,no
29793,no
16191,no
25429,no
25502,no
20101,no
7605,no
6620,no
17157,no
14466,no
8563,no
14258,no
13564,no
27461,no
12397,no
3172,no
12699,no
27058,no
21052,no
28751,no
1651,no
6851,no
26808,no
9598,no
26474,no
22687,no
7101,no
15,no
28027,no
29941,yes
24930,no
10002,no
18994,no
6728,no
18230,no
20031,no
27417,no
26407,no
7170,no
26324,no
19866,no
7090,no
5045,no
17950,no
26266,no
26989,no
26628,no
20347,yes
3117,yes
25462,no
26581,no
23855,no
8315,no
12278,no
2397,no
24369,no
29521,no
11337,no
11734,yes
15907,no
22831,no
1700,no
10631,no
15473,no
10674,no
12328,no
1259,no
11659,no
12555,no
18548,no
12120,no
5853,no
6793,no
15276,no
25044,no
24658,no
15873,no
26295,no
4967,no
10888,no
2654,no
8898,no
30,no
8232,no
22500,no
7236,no
12314,no
13496,no
5931,no
9978,no
17549,no
3557,no
6889,no
26422,no
12534,no
4506,no
16045,no
20659,no
14911,no
3541,no
22640,no
15939,no
6240,no
28192,no
18607,no
8714,no
11028,no
10330,no
26665,no
8394,no
7253,no
3651,no
21467,no
8832,no
21027,no
25433,no
7728,no
26809,yes
8377,no
19438,no
24018,no
3228,no
28579,no
14869,yes
11986,no
24700,yes
2982,no
12074,no
20174,no
12980,no
11712,no
521,no
5030,no
19835,no
8942,no
26233,no
16771,no
4455,no
12126,no
8160,no
25363,no
25098,no
1581,no
27689,yes
25172,no
24973,no
14802,yes
23502,no
28053,no
13077,no
16708,no
4293,no
12745,no
351,no
29403,yes
10691,no
25806,no
11964,no
20801,no
29727,no
7856,no
14212,no
16943,no
6187,no
13216,no
3309,no
17405,no
15802,no
21479,no
16815,no
501,no
907,no
27043,no
18820,no
9771,no
6392,no
14013,no
25270,no
6012,no
7464,no
14234,no
14915,no
27457,no
29158,yes
21489,no
9059,no
7593,no
27589,no
2529,yes
11463,no
13654,no
1760,no
27489,no
1400,no
6326,no
20908,no
14363,yes
2143,no
12789,no
3493,no
28576,no
12859,no
9667,no
9365,no
20319,no
8078,no
23808,no
22766,no
25146,no
12815,no
21292,no
11217,no
14497,no
25170,no
27205,yes
8188,no
28837,yes
27277,no
28022,no
19165,no
11077,no
25419,no
7117,yes
16865,no
19503,no
15872,no
25064,no
8379,no
20849,no
6858,no
27834,no
23246,no
1292,no
9602,no
18323,no
10265,no
17915,no
19992,no
26166,no
24063,no
5977,no
27046,no
9521,no
25723,no
29745,yes
15055,no
342,no
489,no
26180,no
23022,no
18828,no
13957,no
11708,no
9270,yes
12466,no
14046,no
28112,yes
25798,no
8086,no
27564,no
9535,no
10666,no
27585,no
15920,yes
20314,no
5312,no
10867,no
3052,no
14315,no
7606,no
6173,no
3959,no
3853,no
11299,no
29468,yes
21396,no
12930,no
5395,no
18882,no
6892,no
24947,no
198,no
4691,no
21530,no
27286,no
11817,no
15757,no
14278,no
4672,no
27232,no
11749,yes
3205,no
1184,no
12762,no
2277,no
19745,no
3484,no
21852,no
19472,no
12835,no
14760,yes
26609,yes
29177,no
5841,no
689,no
27096,yes
19301,no
20903,no
4775,no
22519,no
21497,no
5796,no
20050,no
5218,no
27367,no
6617,no
14906,no
22022,no
8552,no
17427,no
588,no
8085,no
19334,no
4048,no
28572,no
2786,no
8582,no
9662,no
9686,no
2402,no
19996,no
12148,no
19102,no
25449,no
15526,no
6665,no
23825,no
1864,no
6033,no
22916,no
5481,no
19656,no
9909,no
19817,no
24442,no
29828,no
5750,no
7332,no
22658,no
6797,no
19847,no
6734,no
21544,no
17489,no
24957,no
10559,no
25062,no
3838,no
150,no
26885,no
8205,no
7525,no
6618,no
1693,no
5891,no
21687,no
16148,yes
3971,no
7121,no
19093,no
10996,no
26763,yes
4941,no
28853,no
7469,no
15302,no
5658,no
11200,no
20357,no
12567,no
14323,no
28909,no
26635,yes
4069,no
17842,no
11832,no
512,yes
14528,no
25682,no
17528,no
4963,no
25263,no
27609,no
18448,no
29740,yes
24288,no
29066,yes
24913,no
18215,no
25476,no
10978,no
26660,no
23800,no
7655,no
8323,no
2531,no
23201,no
27569,no
4754,no
19470,no
18959,no
1998,no
14051,no
18646,no
3741,no
21911,no
8788,no
5328,no
5260,no
15366,no
3221,no
15838,no
2711,no
7717,no
3421,no
10892,no
25531,no
28540,no
29758,yes
1404,no
8228,no
26612,no
1725,no
27386,no
26656,no
25597,no
9776,no
27116,no
23626,no
4610,no
26475,no
11449,no
20951,no
29042,yes
26392,no
3835,no
26916,no
19376,no
23741,no
29205,yes
15630,no
15524,no
20097,no
19032,no
9572,no
14156,no
17479,no
11615,no
4774,no
20556,no
16571,no
14151,yes
21979,yes
22101,no
15334,no
1424,no
13586,no
7422,no
19415,no
7832,no
6845,no
12603,no
29576,no
27097,no
13805,no
21291,no
9532,no
26104,no
17002,yes
12405,no
16032,no
4554,no
11235,no
17320,no
25199,no
5072,no
10877,yes
3459,no
18294,no
614,no
22096,no
29778,yes
14192,no
10882,no
6895,no
4135,no
10207,no
16702,no
12893,no
25818,yes
7784,no
1024,no
6396,no
21423,no
15271,no
24185,no
21775,no
7863,no
7437,yes
25695,no
10210,no
21967,yes
16753,no
6397,no
14536,no
22028,no
28795,no
14917,no
12582,no
5168,no
8799,no
24494,no
5182,yes
28891,yes
29526,yes
19062,no
16037,no
10850,no
26839,no
22223,yes
10897,no
18156,no
16447,no
4640,no
13714,no
4530,no
28350,no
17840,no
5951,no
63,no
13407,no
27978,yes
18899,no
15902,no
10138,no
24582,no
17661,no
10969,no
9320,no
5340,no
1669,no
12223,no
3366,no
26543,no
7819,no
21946,no
1680,no
2970,no
22934,no
27851,yes
26078,no
17859,no
21418,no
27778,yes
18831,no
27289,no
7871,no
11508,no
14961,no
23259,no
7362,yes
13423,no
29406,no
16562,no
29722,no
16169,no
23656,no
5057,no
20767,no
16516,no
20322,yes
1924,yes
6841,no
14054,no
28108,no
7858,no
2524,no
8271,no
8951,no
7730,no
24112,no
18745,no
29463,no
1768,no
1988,no
10961,no
6143,no
21437,no
19256,no
13601,no
17220,no
20056,no
20583,no
25126,no
4866,no
3230,no
17472,yes
19585,no
8260,no
17744,no
3718,no
28412,no
29062,no
716,no
26226,no
15897,no
16232,no
11710,no
15727,no
21191,no
3215,no
2812,no
24384,no
19379,no
2576,no
18395,no
21783,no
19961,no
9590,no
11973,no
26974,yes
558,no
26605,no
8038,no
28023,no
5752,no
14954,no
11049,no
20740,no
17693,no
13277,no
7953,no
6472,no
8983,no
27146,no
21522,no
2180,no
10379,no
28656,yes
23061,no
7946,no
27707,no
4429,no
8435,no
27028,no
12159,no
1742,no
26913,no
4845,no
4376,no
8265,no
6907,no
25265,no
2313,no
17714,no
5556,no
3134,no
15152,no
11412,no
9912,no
28482,yes
15752,no
20377,yes
29969,no
21943,no
7489,yes
25687,no
12036,yes
2408,no
6299,no
15049,no
29519,no
18540,no
22129,no
18285,no
3089,no
23365,no
18920,no
23869,no
17741,yes
11060,no
10411,no
8,no
4206,no
29048,yes
17054,no
7103,no
4907,no
3176,no
16168,no
6953,no
21560,no
3302,no
20156,no
10037,no
1818,no
22045,yes
5105,no
27034,no
19710,no
20499,no
13190,no
29879,yes
28687,yes
24563,no
13590,no
13342,no
18808,no
2152,no
9273,no
16726,no
19316,no
7602,no
8352,no
18164,no
19175,no
2155,no
19339,no
3333,no
20674,no
23730,no
27950,no
18379,no
23468,no
768,no
16462,no
9850,no
2598,no
26486,no
21679,no
20247,yes
25698,no
4980,no
3626,no
12303,no
16244,no
24388,yes
11485,no
22698,no
8526,no
23672,no
15223,no
12626,no
2051,no
12602,no
3330,no
18879,no
21545,no
11302,no
348,no
22292,no
17652,no
7312,no
7452,no
21160,no
25629,no
216,no
12830,no
5306,no
12825,no
14092,no
12087,no
25073,no
10462,no
8263,no
13854,no
503,no
12706,no
15679,no
31,no
29040,no
5295,no
28243,no
17773,no
9381,no
12281,no
16764,no
10938,no
19101,no
28801,no
8694,no
26143,no
23748,no
24567,no
18290,no
24295,no
12040,no
4628,no
23618,no
3162,no
20223,yes
28330,no
5000,no
27842,no
27507,yes
22682,no
4772,no
3426,no
12890,no
26002,no
28566,yes
28981,no
18251,no
20540,no
19622,no
15549,no
97,no
18558,no
12710,no
27412,no
5396,no
2028,no
6023,yes
25543,no
10617,yes
652,no
28905,yes
358,no
21645,no
1437,no
17605,no
8167,no
20820,no
26001,no
9427,no
6804,no
28852,no
383,no
16283,no
28752,no
29507,no
24694,no
12528,no
6712,no
27631,no
23821,no
20533,no
616,no
11977,no
11738,no
1206,no
7962,no
17539,no
20696,yes
8958,no
25319,no
7196,no
92,no
13732,no
21827,no
13949,no
9184,no
17345,no
11560,no
19681,no
25215,no
9102,no
17355,no
1480,no
2586,no
8268,no
14262,no
7073,no
8043,no
13434,no
10074,no
25976,no
28734,no
7515,no
5831,no
20848,no
19838,no
22704,no
2158,no
7040,no
750,no
28946,no
4044,no
23032,no
21954,yes
12564,no
21811,no
19373,no
17808,no
29148,yes
14980,no
23614,no
459,no
19600,no
27016,no
6462,no
8831,no
7267,no
11138,no
4223,no
5228,no
14087,no
21179,no
14285,no
21559,no
1065,no
7355,no
10116,no
3725,no
12321,no
15970,no
11778,no
10869,no
3732,no
4801,no
22224,no
17409,no
17604,no
18944,no
18418,no
8398,no
19872,no
16008,no
4513,no
3122,no
22418,no
4748,no
14804,yes
9588,no
29992,yes
28100,yes
3941,no
12017,no
22233,no
4442,no
7838,no
13324,no
9024,no
13086,yes
10026,no
6195,yes
13015,no
21539,no
7961,no
24090,no
7632,no
11430,no
17832,no
2209,no
19399,no
26012,no
25645,no
102,no
6646,no
5527,no
18476,no
6586,no
4150,no
12080,no
6207,no
5718,no
21930,no
11974,no
1590,no
27188,no
7159,no
7855,no
20764,no
3362,no
12515,no
5590,no
16479,no
17622,no
12610,no
21365,no
8712,no
29400,no
12810,no
16002,no
14213,no
6233,no
12372,no
7501,no
25082,no
15654,no
8678,no
747,no
1040,no
208,no
25447,no
11941,no
28176,yes
29826,yes
7725,no
20505,no
3735,no
9660,no
3217,no
28881,no
14020,no
11515,no
23838,no
16844,no
8057,no
1745,no
17130,no
22915,no
28949,yes
24609,no
17212,no
19274,no
15703,no
13743,no
14619,no
14816,no
23589,no
10040,no
20365,yes
2944,no
21129,no
27924,yes
26516,no
9357,no
19754,no
11346,no
28548,no
22977,no
9426,no
21454,no
1722,no
2779,yes
18822,no
29836,yes
1199,no
16784,no
7381,no
7613,no
6923,no
223,no
10715,no
18636,no
15574,no
8576,yes
22865,no
4151,no
8256,no
18936,no
4735,no
12937,no
19421,no
23012,no
3635,no
25562,no
14907,no
2479,no
2579,no
15408,no
450,no
22728,no
6682,no
28317,no
15312,no
25490,no
20484,no
16240,no
1954,no
8535,no
9237,no
25030,no
7311,no
21357,no
2172,no
13674,no
24793,no
1561,no
28000,yes
29047,yes
3785,no
15133,no
802,no
14547,no
5698,no
6743,no
13703,no
45,no
3798,no
28731,yes
6506,no
11823,no
24482,no
4789,no
1871,no
9943,no
1458,no
4695,no
12039,no
19168,no
7068,no
27365,no
9177,no
5270,no
27894,no
6773,no
19913,no
6296,no
457,no
28730,no
22942,no
13834,no
20086,no
12650,no
15295,no
25207,no
14183,no
20190,no
1062,no
20509,no
19185,no
3368,no
6608,no
16301,no
13142,yes
11207,no
9755,no
29682,no
5370,no
11293,no
6238,no
1421,no
19740,no
5996,no
19514,no
14770,no
11033,no
14276,no
21388,no
6806,no
3053,no
22118,no
29112,no
29813,no
2063,no
22783,no
21672,no
6572,no
3833,no
29669,yes
24796,no
819,yes
24818,yes
20413,no
18258,no
6986,no
20947,no
5135,no
15553,no
19927,no
12416,no
15669,no
1754,no
3808,no
28878,no
28290,no
2590,no
27062,no
28974,no
13797,no
18709,no
29973,yes
811,no
5246,no
14306,no
9213,no
12969,no
17957,no
15538,no
8768,no
17516,no
7497,no
26740,yes
22399,no
3182,no
5883,no
7769,no
25756,no
28862,no
4901,no
22126,no
15915,no
10550,no
21871,no
19019,no
15146,no
23737,no
14251,no
6441,no
29046,yes
6060,no
26343,no
29861,no
25869,no
23198,no
19444,no
6541,no
901,no
12934,no
8494,no
22025,yes
24507,no
9838,no
11481,no
16528,no
16896,yes
15234,no
14706,no
15075,no
18844,no
27772,no
3336,no
17153,no
27468,no
4646,no
18446,yes
14089,no
22949,no
25432,no
15795,no
20466,no
22593,no
7293,no
25488,no
24427,yes
15327,no
28654,no
19763,no
292,no
8618,no
24065,no
22180,no
8703,no
13649,no
20487,no
14724,no
16569,no
20404,no
12755,no
3868,no
20722,yes
5848,no
27556,yes
2016,no
16442,no
7229,no
5450,no
850,no
23943,no
5543,no
24498,no
15091,no
26698,no
5559,no
13231,no
13025,no
20943,yes
4220,no
20068,no
29299,no
14620,no
24550,no
1535,no
21108,no
26990,no
3105,no
21890,no
9672,no
21061,no
8360,no
8695,no
29269,yes
6651,no
10199,no
21313,no
11758,no
15825,no
20661,no
21509,no
23633,yes
24534,no
7818,no
7094,no
26682,no
21230,no
29605,no
8013,no
19163,no
12659,no
15593,no
5423,no
20428,no
26644,yes
5827,no
24778,no
27852,no
15417,no
500,no
18606,no
16053,no
4558,no
22029,no
19037,no
13476,no
24452,yes
13492,no
9070,no
26565,yes
15004,no
12413,no
18997,no
18661,no
12184,no
27643,no
10908,no
7824,no
10011,no
11731,no
12267,no
21172,no
9555,no
2366,no
20875,no
17248,no
16752,yes
21038,no
903,no
24450,yes
10290,no
16525,no
25266,no
27259,no
5818,no
3153,no
2945,no
29187,yes
6565,no
14034,no
5760,no
10484,no
778,no
18145,no
26603,no
7004,no
4356,no
26046,no
29898,no
13768,no
22884,no
9894,no
5069,no
13693,no
24625,yes
6336,no
27019,no
8426,no
21435,no
7405,no
26955,no
16887,no
9497,no
10535,no
13373,no
12339,no
6002,no
21152,no
5394,no
24660,no
28886,no
29470,yes
5222,no
14948,no
13672,no
12737,no
5664,no
16435,yes
7444,no
6090,no
16414,no
9792,no
4570,no
14077,no
24676,yes
14645,no
22247,no
16642,no
1332,no
20531,no
29176,no
15496,no
21864,no
11774,no
806,yes
19538,no
3511,no
1705,no
6114,no
12347,no
18748,no
13580,no
22615,no
28966,yes
25120,no
21978,no
7291,no
29345,yes
866,no
7587,no
1856,no
1877,no
17663,no
17193,no
10900,no
24184,no
7032,no
14632,no
5615,no
27439,no
29736,no
5281,no
117,no
6838,no
9451,no
22222,no
23357,no
18227,no
13105,no
28171,yes
13593,no
10624,no
15539,yes
29506,yes
12948,no
3364,no
14131,no
20581,no
4639,no
14225,no
1387,no
207,no
13791,no
10293,no
436,no
19414,no
19242,no
900,no
29588,no
25616,no
20738,no
1250,no
18531,no
23319,no
6808,no
21252,no
14464,no
26293,no
13895,no
19564,no
28866,no
6215,no
1299,no
638,no
19795,no
12000,no
17670,no
26455,no
20571,no
2523,no
23984,no
13012,no
5523,yes
16164,no
18272,no
20513,no
7596,no
16743,no
13448,no
24915,yes
12474,no
4444,no
16372,no
13498,no
29799,no
27364,no
1154,no
21116,no
17106,no
7806,no
26894,no
6729,no
8045,no
120,no
1391,no
29582,no
8437,no
25964,no
8797,no
18943,no
5067,no
17477,no
24097,no
51,no
723,no
16313,yes
7908,no
26019,no
1021,no
1214,no
27242,no
20642,no
6739,no
8098,no
4889,no
7813,no
21097,no
18817,no
7349,no
28762,no
25137,no
28178,no
8070,no
17579,no
16048,no
16732,no
27714,no
2131,no
15846,no
23670,no
2115,no
26214,no
13073,no
24387,no
10023,no
20452,no
8534,no
5740,no
4309,no
27166,no
15000,no
4412,no
24946,yes
13537,no
14780,no
29013,yes
248,no
11809,no
15308,no
22719,no
24300,no
24242,no
10727,no
22392,no
10713,yes
26202,no
4145,no
8040,no
23385,no
12730,no
7539,no
8567,no
25981,no
19435,no
23938,no
3840,no
26807,no
18589,no
10516,no
21032,no
29207,yes
13740,no
27562,no
29230,no
16927,no
11314,no
4961,no
9946,no
16246,yes
9157,no
26939,no
26544,yes
22265,no
3953,no
11877,no
23930,no
21175,no
26025,no
22692,no
15201,no
25486,no
16118,no
3264,no
15776,no
18544,no
16007,yes
3824,no
15502,no
13584,no
3160,no
9124,no
26548,no
23928,no
12540,no
2759,no
25070,no
1110,no
12740,no
12,no
6512,no
25734,no
12113,no
21305,no
12262,no
11149,no
10258,no
10431,no
10919,no
24909,no
24689,no
28063,no
12452,no
2902,no
5921,no
12838,yes
17771,no
13362,no
17775,no
11537,no
2575,no
5674,no
3624,no
21384,no
2441,no
4448,no
6972,no
7589,no
24022,no
7413,no
19268,no
20591,no
23916,no
6260,no
9993,yes
14738,no
6281,no
14988,no
2103,no
29825,no
16557,no
25267,no
26649,yes
19619,no
18873,no
24280,no
16127,no
14588,no
7396,no
21468,no
22259,no
14440,yes
19698,no
11834,no
23433,no
22674,no
23090,no
6564,no
3082,no
22017,no
12043,no
23122,no
8816,no
6407,no
7868,no
8747,no
3916,no
13938,no
14545,no
27432,no
1043,no
1067,no
27430,no
10101,no
13832,no
29716,yes
14011,no
29701,no
3847,no
28942,no
26471,no
3598,no
5287,no
5347,no
4634,no
8180,no
170,no
16407,no
13359,no
9432,no
440,no
10389,no
17475,no
20495,yes
6133,no
8406,no
19775,no
13872,no
28923,yes
17985,no
28698,no
1960,no
1591,no
5993,no
10435,no
25612,no
13136,no
6375,no
20102,no
18016,no
13214,yes
7167,no
25211,no
8588,no
10627,no
5271,no
23625,no
3490,no
25049,no
19381,no
5317,no
11509,no
17210,no
19547,no
5894,no
1350,no
18791,no
3462,no
598,no
7629,no
28749,no
8763,no
24246,no
10552,no
18221,no
17420,no
23143,no
16267,no
29036,yes
6178,no
5247,no
28417,yes
23053,no
13353,no
22362,no
2418,no
6760,no
3556,no
9621,no
24116,no
5554,no
18186,no
840,no
6476,no
4283,no
22098,no
28531,yes
1271,no
27349,yes
24272,no
22632,no
10613,no
17717,no
12311,no
12942,no
9506,no
28142,no
5202,no
22947,no
6885,no
25702,no
160,no
13095,no
17591,no
3455,no
23872,no
14008,no
29172,no
3148,no
29612,yes
5970,no
1866,no
23269,no
8650,no
7281,no
5063,no
21585,no
23811,no
13266,no
15397,no
29284,no
23043,no
8532,no
9099,no
1368,no
2422,no
13829,no
24011,yes
17490,yes
25532,no
6998,no
9620,no
29280,no
26454,no
2856,no
9445,no
14901,no
18245,no
6231,no
11750,no
22796,yes
23151,no
26696,yes
4807,no
24877,no
877,no
13833,no
25549,no
23858,no
11684,no
268,no
1785,no
24718,no
613,no
14248,yes
24446,no
7715,no
12426,no
1803,no
13410,no
12163,no
7207,no
28418,yes
18112,no
3734,no
1007,no
28386,no
5548,no
4002,no
10176,no
7851,no
1645,no
17522,no
13905,no
17366,no
27375,yes
10767,no
11987,no
29094,no
20523,no
14385,no
13936,no
23220,no
18782,no
13738,no
743,no
24740,no
3138,no
560,no
13875,no
18686,no
9267,no
8237,no
349,no
16647,no
7583,no
3754,no
3864,no
18213,no
15047,no
28640,no
7631,no
3499,no
2468,no
7224,no
415,no
9502,no
9514,no
19123,no
14228,no
21294,no
5157,no
28369,no
22216,yes
19533,no
11929,no
13730,no
341,no
17537,no
6458,no
26176,no
6131,no
15139,no
23669,no
5762,no
26364,no
13138,no
21385,no
23486,no
7862,yes
19670,no
13027,no
28515,no
14215,yes
7507,no
29948,no
6022,no
2730,no
4947,no
27975,yes
5967,no
23999,no
14510,no
10652,no
15466,no
11999,no
16904,no
27625,no
9477,no
22858,no
14771,no
19868,no
22637,no
2263,no
16256,no
10956,no
14191,no
19504,yes
10857,no
16153,no
24768,no
19181,no
7680,no
5140,no
26542,yes
13022,no
18493,no
3997,no
16092,no
23150,no
25443,no
17905,no
20615,yes
4405,no
22938,no
17204,no
20304,yes
24326,no
7213,no
28157,no
10591,no
9307,no
11883,no
4942,no
14791,no
25832,no
5250,no
7461,no
16982,no
5910,no
17654,no
11553,no
28726,yes
17594,no
28546,yes
28612,yes
12180,no
21532,no
15888,no
23308,no
10277,no
8402,no
6028,no
28789,no
19084,no
7566,no
14138,no
20924,no
13916,no
15086,no
4052,no
111,no
5239,no
10205,no
16468,no
2208,no
27377,no
3612,no
15690,no
9493,no
12306,no
17216,no
8408,no
16318,no
16006,no
6144,no
28875,yes
22382,no
13011,no
15848,no
10182,no
23728,no
1550,no
6250,no
21588,no
24770,no
13097,no
16814,no
18937,no
14876,no
847,no
19975,no
17386,no
3903,no
1613,no
15358,no
19965,no
1933,no
24428,no
24802,no
27597,no
20893,no
7072,no
21484,no
421,no
1462,no
4000,no
22499,no
3433,no
14419,no
27557,no
11448,no
7442,no
8133,no
799,no
20851,no
9714,no
2023,no
28498,yes
11167,no
5906,no
12557,no
28668,yes
8032,no
1554,no
2145,no
20438,no
7477,no
10357,no
12735,yes
25079,no
25880,no
23528,no
20048,no
12035,no
25411,no
741,no
21336,no
2522,no
24393,no
26259,no
20829,no
11897,yes
27033,no
11268,no
25514,no
29499,no
18865,no
9461,no
27244,yes
19255,no
8729,no
3251,no
27776,no
1456,no
21612,no
18814,no
27530,yes
29273,no
1909,no
22459,no
21000,no
17786,no
29060,no
25276,no
23187,no
25524,no
11652,no
8863,no
24949,no
2449,no
25179,no
26169,no
24736,no
7424,no
15343,no
5820,no
13248,no
5025,no
247,no
20914,no
26563,no
16057,no
2707,no
5060,no
20929,no
29178,yes
2168,no
9782,no
16661,no
20241,no
29366,yes
18737,yes
18311,no
13546,no
28547,yes
20392,no
23129,no
4097,no
15061,no
4225,no
27728,no
572,no
19128,no
13250,no
13891,no
17271,no
10737,no
24831,no
2319,no
22738,no
15780,no
24845,no
3627,no
9374,no
5448,no
3701,no
10846,no
12792,no
19159,no
28325,no
11588,no
18399,no
12490,no
17348,no
2813,no
21063,yes
29967,no
22432,no
14150,no
24884,no
18643,no
18206,no
21180,no
17266,no
2448,no
14535,no
3731,no
9399,no
21094,no
3329,no
12470,no
27248,yes
28187,yes
2947,no
14642,no
20479,no
13426,no
11540,no
26386,no
21488,no
1566,no
2080,no
5764,no
1542,no
26465,yes
15010,no
22318,no
17973,no
13841,no
11178,no
7572,no
23660,no
14422,no
6303,no
18955,no
14781,no
23299,no
11674,no
22905,no
22542,no
26366,no
23094,no
4105,no
26348,no
18734,no
24284,no
13817,no
24130,no
25802,no
722,no
16130,no
8278,no
20979,no
25979,no
20179,no
17290,no
12543,no
24023,no
22679,no
2398,no
17185,no
17218,no
5875,no
11654,no
19497,no
16519,no
6989,no
10403,no
28802,no
14666,no
27853,no
24734,no
22319,no
22296,no
15296,no
24093,no
15945,no
10324,no
29368,yes
19659,no
9580,no
281,no
25191,no
6355,no
553,no
10409,no
25728,no
29660,yes
29784,no
14934,no
22288,no
27502,no
29074,no
4026,no
5992,no
197,no
10806,yes
10232,no
7379,no
13254,no
10549,no
24677,yes
18167,no
18905,no
20794,no
24143,no
328,no
14962,no
24416,no
7313,no
25866,no
797,no
24098,no
25464,no
17855,no
23413,no
385,no
16117,no
19079,no
5899,no
26862,no
8302,no
26970,yes
14830,no
28244,no
5430,no
23514,no
12636,no
19027,no
8346,no
841,no
20210,no
16619,no
7557,no
26797,no
26671,no
9252,no
11465,no
28164,no
27704,no
7648,no
20652,no
23294,no
21797,no
20140,no
8739,no
29617,no
19606,no
6272,no
11342,no
16644,no
5538,no
14219,no
13044,no
14511,no
7898,no
3592,no
28073,no
26083,no
14554,yes
16994,no
3791,no
20768,no
14402,no
22203,yes
11112,no
5866,no
7668,no
12535,no
26476,no
7205,no
28790,no
12771,no
820,no
4729,no
26946,no
22371,no
813,no
29054,no
12400,no
24593,no
20425,no
3086,no
25183,no
16564,no
15901,no
23382,no
25738,no
23989,no
7436,no
22103,yes
4781,no
26690,no
18497,no
226,no
21072,no
16350,no
20474,no
8122,no
5454,no
16932,no
26152,no
9222,no
24574,no
24269,no
22042,no
12709,no
11603,no
1216,no
2391,no
5426,no
18300,no
12291,no
19030,no
28190,yes
5735,no
6373,no
18128,no
18738,no
15506,no
9570,no
15280,no
21483,no
6317,no
25468,yes
5016,no
12746,no
27360,no
425,no
5434,no
19224,no
531,no
15778,no
10829,no
23005,no
28982,no
4612,no
2818,no
10019,no
17280,no
18612,no
29947,no
27809,no
21398,no
16274,no
28537,yes
26935,no
14592,no
28978,yes
9579,no
2564,no
21306,no
29763,yes
6386,no
25851,no
27329,no
27781,yes
16716,no
1155,no
25001,no
926,no
3271,no
27402,yes
26328,no
11678,no
1586,no
7147,no
16264,yes
2866,no
13995,no
10878,no
19686,no
4115,no
460,no
27409,no
18982,no
391,no
18581,no
25058,no
22488,no
261,no
11693,no
15214,no
16641,no
2078,no
15603,no
13278,no
20250,no
4744,no
28826,no
20746,no
22086,no
729,no
13775,no
2749,no
25928,no
27590,no
1114,no
17057,no
28070,no
18525,no
24492,no
26803,no
22885,yes
23144,no
8161,no
6992,no
4560,no
24105,no
8904,no
28735,no
5400,no
17003,no
4767,no
20417,no
8208,no
13700,no
13378,yes
17119,no
9876,no
19354,no
24667,no
4843,no
29454,no
2201,no
17062,no
18979,no
19697,no
27906,no
25659,no
2086,no
10400,no
10693,no
1210,no
2700,no
510,no
24037,no
23734,no
28347,yes
3457,no
24157,no
7724,no
15254,no
24531,no
23086,yes
18573,no
25344,no
18572,no
27937,no
2995,no
26634,no
535,no
9616,no
18682,no
9718,no
8722,no
24572,no
16734,no
25821,no
10392,no
8748,no
4876,no
25046,no
27574,no
6356,no
26065,no
26821,yes
21009,no
5172,no
28725,no
8251,no
20976,no
25470,no
10574,no
828,no
6766,no
25505,no
5125,no
20844,no
4369,no
2053,no
11328,no
5169,no
3692,no
16068,no
29536,yes
29808,no
16030,no
22773,yes
12513,no
17117,no
11711,no
8247,no
19246,no
26175,no
7257,no
27708,no
12621,no
6449,no
26926,no
11071,no
24171,no
5061,no
16908,no
2187,no
1836,no
2161,no
29978,yes
4374,no
23367,no
5425,no
6048,no
10193,no
27206,no
13462,no
7358,yes
14135,no
6284,no
17953,no
21286,no
24234,no
12465,no
17646,no
2829,no
25305,no
193,yes
482,no
4514,no
20461,no
29405,yes
11273,no
13402,no
6896,no
15043,no
18948,no
17032,no
11096,no
29509,yes
22161,yes
2597,no
4637,no
11499,no
29300,no
3044,no
8707,no
8711,no
10412,no
8330,no
24118,no
12618,no
11718,no
25849,no
8276,no
5577,no
1370,no
18017,no
5804,no
15759,no
18180,no
5040,no
8749,no
22360,no
8760,no
25730,no
14107,no
4887,no
29832,no
23410,no
10219,no
5403,no
10173,no
20967,no
6009,no
25778,no
28770,yes
23444,no
14820,no
27572,no
10970,no
12428,yes
23102,no
5727,no
24210,no
19280,no
4243,no
2102,no
6898,no
15638,no
3206,no
27220,no
19837,no
8493,no
5605,no
7532,no
11315,no
8573,no
18151,no
16430,no
11298,no
14424,no
11766,no
1939,no
7407,no
28594,no
11721,no
4349,no
14538,no
26276,no
2817,yes
20148,no
23676,no
2709,no
14695,no
14997,no
29933,no
21278,no
14221,no
25219,no
27918,no
5935,no
28824,yes
8058,no
8331,no
19955,no
10059,no
22330,no
20856,no
921,no
27872,no
23387,no
2563,no
7737,no
12172,no
11223,no
17284,no
24233,no
5351,no
8807,no
145,no
11501,no
10735,yes
5583,no
17804,no
21376,no
9586,no
3857,no
18970,no
25196,no
28937,yes
16346,no
3115,no
5857,no
8305,no
8126,no
12334,no
1360,no
4884,no
2206,no
11868,no
25128,no
21662,no
15713,no
21900,no
6792,no
25739,no
20432,no
7633,no
9633,no
23765,no
10253,no
6952,no
22346,no
23649,no
25240,no
18984,no
10597,no
14097,no
17644,no
931,no
15504,no
18800,no
10793,no
11209,no
15618,no
11097,no
4979,no
4940,no
21761,no
25471,no
13341,no
20638,no
27077,yes
10764,no
20030,no
22444,no
19491,no
10875,no
24318,no
3861,no
17704,no
10497,no
20457,no
8236,no
13078,no
7697,no
4665,no
24515,no
21935,no
8769,no
4338,no
17967,no
4072,no
23474,no
4016,no
21840,no
12488,no
24134,no
8715,no
13459,no
18688,no
7411,no
16744,no
8483,no
2265,no
14321,no
8491,no
952,no
18472,no
13298,no
29935,no
22308,no
15839,no
9255,no
28421,no
8153,no
5843,no
5943,no
17803,no
21409,no
13483,no
25485,no
19989,no
5525,no
25721,yes
17523,no
22550,no
29595,yes
13443,no
4388,no
16718,no
20459,no
12448,no
20464,no
464,no
16389,no
20562,no
6129,no
892,no
27504,no
14540,no
15211,no
5096,no
11585,no
1172,no
4437,no
4892,no
7669,no
7533,no
8348,yes
16983,no
7318,no
2271,no
25553,no
18680,no
17853,no
11909,no
12524,no
11066,yes
4458,no
27594,no
27383,yes
481,no
21853,no
1022,no
25561,no
25249,no
7490,no
14810,no
28302,no
7960,no
14403,no
3285,no
24042,no
28984,yes
11503,no
12082,no
7999,no
12546,no
23700,no
26606,no
8364,no
23767,no
15895,no
28453,yes
27266,no
27368,no
7625,no
28430,yes
8547,no
5238,no
3676,no
27525,yes
25639,no
14370,no
11144,no
1756,no
18449,no
11914,yes
6142,no
18324,no
17209,no
29610,no
665,no
15755,no
17865,no
15447,no
5253,no
27724,yes
18670,no
23145,no
15286,no
7852,no
19,no
26323,yes
8999,no
12157,no
24012,no
25857,no
17187,no
1002,no
13542,no
785,no
22595,no
2257,no
14924,no
11870,no
18699,no
6254,no
848,no
9470,no
21482,no
2644,no
13934,no
1929,yes
18574,no
15060,no
21656,no
10808,no
15471,no
27711,yes
7581,no
6670,no
4944,no
4221,no
22410,no
28675,no
9646,no
10093,no
4323,no
26598,no
6141,no
14359,no
26739,no
18138,no
23940,no
9262,no
29523,no
12953,no
21463,no
24566,no
24575,no
13431,no
27795,no
10677,no
20082,no
9458,no
10198,no
2384,no
15689,no
4870,no
784,no
13668,no
15446,no
17562,no
4556,no
26337,no
20420,no
3399,no
9006,no
2214,no
15442,no
15577,no
29927,yes
19787,yes
1870,no
13296,no
21001,no
7758,no
1072,no
13763,no
17628,no
16691,no
18001,yes
15712,no
14866,no
3320,no
28264,no
5900,no
410,no
17879,no
2675,no
995,no
9160,no
28596,yes
25817,no
29247,yes
26761,no
3608,no
8808,no
25571,no
3501,no
14905,no
12457,no
1378,no
5778,no
5594,no
18825,no
23668,no
10157,no
14850,no
17709,no
22894,no
23216,no
14153,no
27844,no
376,no
19804,no
4630,no
23362,no
5978,no
18797,no
7044,no
759,no
11915,no
1304,no
6623,no
16554,no
13120,no
24346,no
18697,no
9435,no
10732,no
25370,no
9133,no
20965,no
805,no
2913,no
18536,yes
4336,no
12209,no
15688,no
18731,no
9330,no
1981,no
2095,no
18083,no
26306,no
10222,no
3558,no
12696,no
22580,no
22920,no
10096,no
3518,no
16441,yes
15113,no
12371,no
26241,no
25938,no
14408,no
20520,no
11165,no
12560,no
18631,no
25662,no
15450,no
12060,yes
23263,no
2431,no
1151,no
2611,no
1241,no
28440,no
20378,no
22503,no
16775,no
23331,yes
15613,no
16149,no
22776,no
18157,no
6530,no
4524,no
29500,yes
5997,no
13200,no
20276,yes
25641,no
22293,no
4232,no
7600,no
28883,yes
19270,no
22635,no
18983,no
23497,no
28188,no
12030,no
14026,no
26148,no
5696,no
18411,no
3746,no
16991,no
619,no
23503,no
12061,no
1770,no
2800,no
851,no
21626,no
7912,no
17448,no
1558,no
9901,no
18244,yes
23231,no
26095,no
7714,no
6633,no
4566,no
12090,no
15006,no
27668,yes
19859,no
11351,no
13778,no
12140,no
1142,no
18819,no
17401,no
13313,no
5282,no
7873,no
21239,no
12427,no
4799,no
84,no
1085,no
21991,yes
9083,no
19858,no
23021,no
20111,no
11815,no
5258,no
24197,no
1775,no
19738,no
23600,no
28277,no
6005,no
24955,no
24585,no
2652,no
21867,no
20246,yes
2308,no
28227,no
26579,yes
4185,no
22812,no
21695,no
2891,no
26868,no
21968,no
8506,no
21785,no
4176,no
16344,no
11135,no
6344,no
18786,no
6027,no
5213,no
22816,no
24128,yes
6245,no
29107,yes
11854,no
9468,no
25745,no
11967,no
15407,no
6826,no
24935,no
11943,no
13980,no
23432,no
18727,no
14851,no
14719,no
29850,yes
6666,no
17837,no
1719,no
18958,no
14062,no
1547,no
28423,yes
1945,no
28265,no
20176,no
19662,no
7268,no
1937,yes
5957,no
26812,no
6037,no
29728,yes
23878,no
27250,yes
17168,no
5486,no
114,no
1222,no
11852,no
15257,no
17547,no
14792,no
9012,no
21457,no
19303,no
9587,no
5516,no
10308,no
21283,no
7911,yes
5437,no
5937,no
25119,no
20149,no
24931,no
1506,no
8801,no
18985,no
2426,no
4829,no
9415,no
24439,yes
1187,no
16684,no
14993,yes
23696,no
7225,no
27695,yes
6204,no
29076,yes
8111,no
23529,no
27337,no
27322,no
27026,yes
29226,yes
12951,no
27620,no
7080,no
22105,no
16867,no
19034,no
14913,no
28555,yes
188,no
185,no
4689,no
4551,no
21140,no
4346,no
586,no
18025,no
4613,no
11601,no
10886,no
1261,no
15998,no
3500,no
2621,no
16110,no
27576,no
17015,no
6216,no
8356,no
4316,no
21346,no
6498,no
20813,no
11780,no
19644,no
1244,no
26927,no
4644,no
13796,no
21700,no
14427,no
24980,no
1419,no
20775,no
7880,no
19898,no
9836,no
15418,no
2662,no
8872,no
10507,no
16166,no
11171,no
22383,no
28357,no
23411,no
16961,no
16486,no
21536,no
21639,no
20194,no
7798,no
557,no
25988,no
1995,no
23165,no
23834,no
27159,no
3107,no
29770,yes
10315,no
19259,no
23540,no
13630,no
9728,no
21729,no
25133,no
5897,no
1227,no
5506,no
22268,no
22785,no
3019,no
24243,no
2740,no
19319,no
17101,no
15482,no
17748,no
15253,no
9972,no
23342,no
11878,no
18966,no
9335,no
2624,no
7409,no
14196,no
22467,yes
16426,no
18902,no
2744,no
14659,no
11919,no
6913,no
21487,no
3284,no
28965,no
16458,no
4014,no
15853,no
3697,no
23607,no
20537,no
12824,no
21543,no
22928,no
12434,no
28955,yes
19889,no
14259,no
22278,no
13506,no
27527,no
454,no
28571,yes
12057,no
7895,no
16370,no
9659,yes
24842,no
3778,no
24968,no
13064,no
8332,no
23487,no
19118,no
15543,no
8545,no
9434,no
8744,no
19954,no
13466,no
7036,no
5118,no
19391,no
16384,no
6259,no
27583,yes
22877,no
20227,no
11140,no
15714,no
25709,no
27516,yes
1898,no
8306,no
22472,no
1500,no
24008,no
7954,no
14943,no
27421,yes
18614,no
6709,no
27782,yes
2427,no
24960,no
8372,no
28522,yes
22969,no
11529,yes
18144,no
29596,no
3379,no
2347,no
11309,no
14136,no
8337,no
11791,no
24400,no
19624,yes
4247,no
3099,no
19555,no
22482,no
791,no
8479,no
22809,no
25016,no
7684,no
11146,no
19392,no
20579,no
7056,no
15230,no
7726,no
21703,no
20430,no
24872,no
16038,no
15548,no
14880,no
24731,no
8661,no
3975,no
5985,no
18431,no
2527,no
12721,no
12292,no
9138,no
10257,no
5331,no
16223,no
7011,no
24083,no
8269,no
14348,no
25393,no
5268,no
8546,no
4848,no
10865,no
327,no
14926,no
254,no
4010,no
300,no
23735,no
1251,no
682,no
18729,no
3297,no
814,no
13671,no
17051,no
12201,no
24250,no
17506,no
20063,no
21658,no
17302,no
25232,no
29844,yes
22481,yes
27758,no
8651,no
21028,no
23405,no
29070,yes
5461,no
19715,no
10329,no
25425,no
24979,no
7942,no
17991,no
7110,no
7926,yes
17460,no
14730,no
24549,no
18438,no
23866,no
3270,no
20677,yes
27740,yes
17753,no
11239,no
9132,no
27753,yes
14775,no
14878,no
10763,no
18362,no
782,no
12242,no
3114,no
14361,no
1028,no
2334,no
7676,no
6849,no
28466,no
7652,no
22659,no
15130,no
23147,no
1084,no
7453,no
8675,no
1394,no
20189,yes
1063,no
5225,no
8596,no
6906,no
26153,no
12949,no
22461,no
6794,no
19802,no
18787,no
12468,no
5889,no
2898,no
21747,no
14945,yes
19931,no
28935,no
7052,no
23482,no
18656,no
25513,no
2035,no
3450,no
29359,no
29556,no
20650,no
5456,no
28896,no
26509,no
17419,no
11172,no
27255,no
4117,no
8361,no
18436,no
12183,no
27984,no
21735,no
19071,no
17880,no
15110,no
4457,no
19613,no
19287,no
2684,no
3466,no
7457,no
28288,yes
3295,no
9481,no
2130,no
15364,no
27514,no
17574,no
21475,no
19231,no
4521,no
15318,no
19831,no
25342,no
18463,no
5514,no
18965,no
16375,no
4129,no
4493,no
20480,no
1103,no
24510,no
24729,no
26111,no
10998,no
7761,no
11011,no
6684,no
11851,no
13637,no
17333,no
10981,yes
1738,no
10081,no
12743,no
1357,no
18783,no
24209,no
13416,no
29569,no
5117,no
9691,no
6097,no
28127,yes
21661,no
3537,no
24178,no
18249,no
24643,no
12423,no
25583,no
3601,no
17198,no
19356,no
18177,no
19625,yes
29858,no
2754,no
13688,no
10490,no
15815,no
3998,no
6871,no
760,no
6708,no
15710,no
25454,no
1191,no
11469,yes
23493,no
23579,no
21081,no
16683,no
2901,no
27723,yes
25350,no
25160,no
22745,no
9627,no
2507,no
1857,no
28012,no
28983,no
3033,no
4286,no
19378,no
24373,no
9883,no
28324,yes
17084,no
4597,no
17567,no
3022,no
10033,no
22147,no
10124,no
25973,no
6286,no
8386,no
4662,no
22818,no
10958,no
2327,no
11063,no
10943,no
14377,no
18712,no
29041,no
20081,no
18420,no
356,no
24613,no
7971,no
10148,no
27798,yes
29447,yes
24357,no
15819,no
16174,no
28060,yes
11997,no
24635,no
1363,no
13093,no
21541,no
29024,yes
29130,yes
20201,no
12589,no
14513,no
23828,no
3693,no
15206,no
158,no
17672,no
13174,no
28092,no
21262,no
27757,yes
16160,no
26137,no
20607,no
1375,no
22605,no
4988,no
25530,no
16482,no
5237,yes
17746,no
26650,no
17548,no
1944,no
17959,no
19562,no
5235,no
7699,no
22649,no
13018,no
28844,yes
19449,no
6912,no
14903,no
20195,no
26470,no
23035,no
10899,no
21115,no
5374,no
12877,no
11869,no
13156,no
964,no
14304,no
21255,no
23638,no
21057,no
1137,no
7061,no
25870,no
17812,no
23675,yes
26933,yes
7864,no
2433,no
11910,no
25009,no
9311,no
16798,yes
15596,no
180,no
2919,no
29348,no
8828,no
13080,no
8017,no
29687,no
19051,no
27910,no
20263,no
7874,no
17992,no
18257,no
13570,no
9360,no
6302,no
9696,yes
6487,no
22177,no
26114,no
24927,no
10000,no
12522,no
15194,no
2343,no
26580,no
9899,no
29686,yes
23865,no
20660,no
22299,no
22353,no
5463,no
77,no
25353,no
15719,yes
26492,no
15383,no
11720,no
9060,no
14211,yes
20397,no
29512,yes
28085,yes
3026,no
16658,no
2803,no
20616,no
23229,no
25395,no
25569,no
5761,no
800,no
24265,no
11477,no
1027,no
5869,no
12989,no
21371,no
1185,no
28165,no
3479,no
21459,no
12964,no
18693,no
13790,no
18260,no
4950,no
27460,no
14794,no
18824,no
13866,no
2918,no
29213,no
29080,yes
29484,yes
16820,no
24477,no
24255,no
29153,yes
22052,no
25331,no
13347,no
22205,no
15599,no
19776,no
4717,no
5626,no
16349,no
3460,no
9932,no
1176,yes
29097,no
1895,no
6154,no
28620,no
9956,no
7825,no
960,no
25626,no
16019,no
15976,no
9291,yes
3369,no
26423,no
20882,no
12178,no
20723,no
4935,no
1237,no
25167,no
4075,no
20151,no
16863,no
28500,no
9722,no
23880,no
9372,no
11361,no
4745,no
20627,no
19124,no
21947,no
19720,no
13212,no
22536,no
7392,no
20558,no
3805,no
6781,no
3807,no
24907,yes
10556,no
11545,no
8335,no
25501,no
15894,no
10414,no
28080,no
25829,no
19724,no
29601,no
25117,no
26429,yes
26717,no
23569,no
8932,no
15928,no
1175,no
27452,yes
9450,no
22494,no
19076,no
21944,no
9569,no
1091,no
14929,no
12387,no
10473,no
15390,no
5768,no
2268,no
29926,yes
15535,no
17948,no
17850,yes
23029,no
10854,no
475,no
21078,no
6568,no
25771,no
14182,no
27856,yes
13687,no
19023,no
1574,no
24839,no
2741,no
17104,no
6428,no
20062,no
9999,no
29579,yes
27203,no
14308,no
17532,no
29890,no
20760,no
6644,no
14966,yes
3476,no
6358,no
27886,yes
25400,no
14711,no
19764,no
27376,yes
24025,no
9994,no
8978,no
7505,no
22931,no
9278,no
20519,no
26290,no
8468,no
6866,no
22581,no
29572,yes
8757,no
23158,no
29124,yes
23847,no
25975,no
269,no
2981,no
20945,no
12924,no
1905,no
12450,no
25853,no
19942,no
19494,no
21429,no
25862,no
15160,no
4410,no
9198,no
3437,no
27759,no
12900,no
22714,no
4700,no
4209,no
8759,no
21710,no
28699,no
8328,no
24537,no
20847,no
26561,no
16431,no
4371,no
10982,no
9748,no
22957,no
10916,no
2040,no
16082,no
10235,no
12547,yes
1186,no
5241,no
26060,no
19653,no
252,no
2636,no
15326,no
4782,no
7904,no
22081,no
23282,no
7756,no
17713,no
15981,no
11324,no
28753,no
8859,no
10768,no
12072,no
29104,no
12997,no
27358,no
5639,no
23835,no
9149,no
7283,no
22429,no
5859,no
14823,no
9951,no
21862,no
17402,no
10567,no
6315,no
9023,no
19278,no
2329,no
17217,no
3168,no
29050,yes
20755,no
7247,no
29381,yes
10398,no
13906,no
7438,no
1077,no
22543,no
12327,no
26186,no
20340,no
21799,no
15352,no
20387,yes
11362,no
3325,no
14697,no
15552,no
15200,no
29843,yes
12593,no
6755,no
9125,no
18857,no
18132,no
15025,no
15166,no
25664,no
25657,no
3198,no
27310,no
21848,no
26451,yes
25218,no
18098,no
23532,no
2100,no
10770,no
12973,no
5576,no
16425,no
11835,no
10344,no
29006,no
6592,no
12461,no
25236,no
24352,no
20977,no
8486,no
6209,no
14401,no
21208,no
14129,no
16380,no
10281,no
316,no
3942,no
24644,no
24006,no
2751,no
23726,no
4273,no
2551,no
18728,no
15955,yes
11227,no
28794,yes
22323,no
17474,no
10659,no
8543,no
10042,no
17189,no
26230,no
21407,no
16086,no
3151,no
16440,no
2838,no
25253,no
9807,no
3088,no
14532,no
18759,no
12935,no
28309,yes
6924,no
2030,no
15238,no
11332,no
11747,no
15659,no
29341,yes
27288,yes
20841,no
12171,no
19262,no
8912,no
22420,no
28799,yes
26468,no
13322,no
26342,no
24151,no
17298,no
6138,no
28532,no
22859,no
1049,no
27303,no
15341,no
15964,no
12451,no
24828,no
27078,yes
14443,no
8592,no
7120,no
2581,no
23414,yes
9218,no
1642,no
12212,no
24074,no
5823,no
19851,no
2839,no
28573,no
6929,no
22939,no
15789,no
8176,no
9480,no
11051,no
643,no
29337,no
10474,no
15292,no
7927,no
4914,no
10381,no
24328,yes
17778,no
8971,no
17553,no
23495,no
6152,no
21642,no
14450,no
18678,no
19580,no
11543,no
15518,no
11003,no
14331,no
25913,no
6975,no
13017,no
1503,no
681,no
8570,no
7504,no
27177,no
7051,no
16124,no
23471,no
27567,yes
593,no
1723,no
16894,no
27123,no
14505,no
23131,no
13534,no
5399,no
11405,no
9367,no
1801,no
9030,no
6086,no
25145,no
28879,no
8785,no
8165,no
690,no
13760,yes
7272,no
6522,no
11036,no
5185,no
10352,no
3945,no
2274,no
15813,no
25060,no
13285,no
5901,no
377,no
11532,no
8626,no
1541,no
8416,no
15932,no
6694,no
9015,no
27340,yes
27680,no
29636,yes
5039,no
21718,no
26957,no
24199,no
13176,no
13195,no
5230,no
10664,no
15372,no
15879,no
10889,yes
28263,no
22001,yes
14868,no
12565,no
19253,no
3952,no
16359,no
24117,yes
7523,no
17128,no
22089,no
18760,no
26172,no
16208,no
14849,no
2536,no
13877,no
11082,no
6704,no
3973,no
7754,no
21029,no
13892,no
7428,no
10073,no
29027,yes
12218,no
3321,no
9210,no
13038,no
25873,no
19486,no
25559,no
12754,no
15274,no
24686,no
24552,no
10817,no
21709,no
19455,no
17445,no
10814,no
15212,no
28332,no
21781,no
17555,no
6194,no
22505,no
17660,no
1716,no
16737,no
14143,no
5402,no
23422,no
3451,no
22390,no
4213,no
17194,no
27780,no
9375,no
24923,no
19483,no
9764,no
27269,no
15667,no
18799,no
27501,no
1204,no
18313,no
27614,no
23924,no
1087,no
22144,no
24324,no
14676,no
8177,no
26403,no
9553,no
1033,no
24279,no
16604,no
26136,no
16977,no
26754,no
27184,no
1236,no
17059,no
4858,no
2052,yes
29363,no
7474,no
8194,no
29544,yes
4280,no
9013,no
15467,no
8047,no
29991,yes
1452,no
23561,no
26604,no
1597,no
19326,yes
17443,no
16298,no
5569,no
17893,no
17500,no
5475,yes
22647,no
2600,no
21990,no
22980,no
27455,no
23522,yes
14986,no
27792,no
21914,no
13809,no
5531,yes
8347,no
18304,no
10044,no
15058,no
11186,no
18136,no
6700,no
15899,no
6485,no
25676,yes
25300,no
10366,no
15884,no
13830,no
15812,no
24126,no
16095,no
2698,no
11220,no
10142,no
28791,yes
1178,no
29962,no
15440,no
8417,no
430,no
28868,no
22551,no
25564,no
14789,no
23148,no
8802,no
4732,no
4709,no
18714,no
13880,no
16296,no
13046,no
11706,no
3710,no
21244,no
18331,no
21265,no
19167,no
5809,no
18447,no
2150,no
25164,no
19174,no
22610,no
18274,no
13683,no
2141,no
7569,no
25013,no
15339,no
21690,no
10147,yes
23089,no
3108,no
7972,no
14481,no
18293,no
4714,no
1706,no
16789,yes
25258,no
26441,yes
10682,no
17048,no
14171,no
8238,no
10278,no
26738,no
5314,no
20044,no
6799,no
12270,no
17046,no
15103,no
9699,yes
9652,no
28745,yes
21039,no
18852,no
5642,no
14784,yes
5532,no
20982,yes
10226,yes
22468,yes
18391,no
28272,no
6697,no
28083,yes
9727,no
8634,no
14081,no
20268,no
28376,no
23836,no
26294,no
6232,no
27214,no
13889,no
23230,no
16270,no
6279,no
12424,no
23845,no
27805,no
884,no
9879,no
25487,no
15672,no
7395,no
3865,no
17418,no
3860,no
1906,no
2357,no
4368,no
9657,no
10275,no
7528,no
609,no
15031,no
4492,no
5338,no
12840,no
23378,no
19814,no
5561,no
25929,no
15224,no
10572,no
27957,no
16142,no
12133,no
6662,no
16710,no
6502,no
13849,no
17358,no
25147,no
22795,no
14667,no
27885,yes
24359,no
23046,no
23326,no
5018,no
12657,no
11086,no
22791,no
14883,no
23219,no
19155,no
26090,no
22452,no
9751,no
25337,yes
18390,no
228,no
142,no
10762,no
15215,no
23281,no
16660,no
10419,no
6802,no
28065,yes
26481,no
5842,no
17571,no
6351,no
25109,no
17824,no
27237,no
29666,yes
11938,no
19254,no
28019,no
3555,no
26331,no
15349,no
6638,yes
14257,no
26929,yes
22613,no
18747,no
1396,no
24501,no
23581,yes
23555,no
16816,no
21832,no
8424,no
12158,no
7846,no
12411,no
13217,no
3614,no
20052,no
15008,no
19205,no
16276,no
7315,no
22315,no
16242,no
11969,no
22340,no
22124,no
15029,no
29656,no
8201,no
829,no
22807,no
8395,no
21287,no
8035,no
10159,no
28995,no
19006,no
10383,no
19890,no
25982,no
27449,no
23674,no
25349,no
11106,no
25915,no
23809,no
11133,no
26069,no
20839,no
26573,yes
14618,no
15791,no
3873,no
3355,no
12284,no
9971,no
20265,yes
11788,no
14937,no
29633,no
3480,no
28101,yes
27179,no
6870,no
21111,yes
28757,yes
2615,no
22276,no
21051,no
1432,no
13191,no
22628,no
10761,no
1892,no
17860,no
10370,no
26460,no
5102,no
13186,no
3443,no
10577,no
9094,no
26252,no
27369,no
2202,no
3990,yes
23691,no
18387,no
11772,no
12351,no
781,no
7608,no
17346,no
18008,no
8657,no
3887,no
12753,no
21823,no
28346,no
26569,no
4051,no
1029,no
27884,no
20403,yes
14291,no
11241,no
11358,no
276,no
21801,no
1834,no
12289,no
16570,no
22378,no
12765,no
26766,yes
24716,no
27284,no
17459,no
27538,no
28550,yes
528,no
14058,no
23423,no
17458,no
10650,no
9740,no
19829,no
10784,yes
4531,no
3444,no
15540,no
11614,no
26732,no
24866,no
5041,no
9471,no
13405,no
16234,no
21942,no
22686,no
5640,no
7987,no
19094,no
18906,no
5680,no
17360,no
25268,no
27644,no
12880,no
2732,no
21573,no
7967,no
22869,yes
13451,no
17121,no
16635,no
6994,no
17316,no
5678,no
1634,no
24283,no
200,no
2604,no
20852,no
12918,no
23791,no
13255,no
8373,no
22552,no
23890,no
27229,yes
5226,yes
696,no
27295,no
16456,no
24010,no
20235,yes
541,no
3077,no
23662,no
11584,no
12976,no
22438,no
21598,no
14754,no
9881,no
1534,no
11837,no
16212,no
17940,no
20682,no
13535,no
234,no
915,no
6809,no
5205,no
10884,no
6801,no
2989,no
17238,no
6447,no
24672,no
12095,no
18826,no
22367,yes
18507,no
17529,no
2688,no
17388,no
15405,no
24363,no
4806,no
27081,yes
2301,no
14317,no
26883,no
12320,no
11079,no
26319,no
27762,no
2256,no
15071,no
21800,no
27212,no
1490,no
19129,no
1461,no
13076,no
7658,no
22594,no
5386,no
18593,no
28281,yes
13502,no
25762,no
24841,no
28907,yes
7374,no
29830,no
2558,no
20787,yes
6226,no
23164,no
7177,no
3367,no
28607,yes
29378,no
19568,no
21621,no
25220,no
8140,no
26600,no
2075,no
1038,no
3281,no
6854,no
9765,no
5821,no
11422,no
29166,yes
29631,yes
24624,no
14790,no
23434,no
2922,no
2342,no
7418,no
8241,no
18366,no
28193,no
10346,no
9663,no
19771,no
16766,no
19832,no
22540,no
18590,no
761,no
18720,no
14832,yes
16897,no
6440,no
20493,no
14833,no
16422,no
235,no
18208,no
15717,no
10286,no
2824,no
23516,no
13335,no
28478,yes
13686,no
23347,no
24666,no
20827,no
1824,no
27998,no
25457,no
2010,no
15972,no
29275,yes
25615,no
14683,no
4541,no
9989,no
12903,no
19149,no
13308,no
5381,no
19595,no
28593,yes
5349,no
4629,no
9671,no
18644,no
7446,no
26950,no
10579,no
14527,yes
29783,no
1783,no
20855,no
23701,no
25506,no
3164,no
3429,no
9080,no
23722,no
12436,no
22945,no
23703,yes
15588,no
23965,no
14073,no
12345,no
2072,no
11596,no
14272,no
12968,no
16000,no
8438,no
19793,no
513,no
1912,no
24205,no
21114,no
15770,no
29473,yes
35,no
12052,no
18047,no
7183,no
12622,no
16664,no
9111,no
23499,no
12624,no
17201,no
19839,no
4702,no
18092,no
21211,no
28273,no
13526,no
8490,no
29774,no
11460,no
8460,no
10361,no
27477,no
24648,no
11792,no
7996,no
6560,no
13568,no
26626,yes
23473,no
10955,no
20139,no
23593,no
8336,no
18892,yes
20619,no
11218,no
22181,no
17683,no
8630,no
7491,no
17001,no
9072,no
4484,no
20001,no
1470,no
5819,no
8504,no
17301,no
21625,no
8102,no
977,no
14590,no
29854,no
23915,no
8888,no
18235,no
1714,no
25150,no
16938,no
27515,no
4233,no
20266,yes
27054,yes
9388,no
15954,no
2310,no
23298,no
12076,no
7134,no
25336,no
24652,no
24362,no
14170,no
1190,no
8846,no
18763,no
551,no
5973,no
14693,no
27202,no
7269,no
24391,no
1961,no
5987,yes
22967,no
13289,no
6783,no
23255,no
11769,no
24868,no
11879,no
24367,no
25129,no
17754,no
4957,no
22798,no
12497,yes
5570,no
28116,no
24975,no
18267,no
28293,no
7815,no
2298,no
18603,no
23685,no
15144,no
6352,no
23223,no
22586,no
15903,no
8928,no
17497,no
6966,no
1422,no
25512,no
22238,no
24294,no
18923,no
29726,yes
9285,no
29147,yes
5709,no
15842,no
4973,no
1441,no
25212,no
7536,no
6246,no
25403,no
3038,no
2211,no
14406,no
17174,no
1464,no
28427,yes
23087,no
17363,no
13039,no
4475,no
20257,no
28830,yes
13577,no
18373,no
27218,no
16091,no
20864,no
5219,no
1709,no
23477,no
18130,no
19371,no
23306,no
6867,no
10218,no
13658,no
24834,no
20354,yes
25912,no
5791,no
17891,no
16527,no
12313,no
20422,no
13874,no
2496,no
2942,no
18711,no
11113,no
12542,no
24891,no
6842,no
19215,no
18599,no
7041,no
26758,no
6664,no
29755,no
23753,no
20429,no
776,no
17351,no
9785,no
20720,no
12984,no
26265,no
26439,no
11912,no
10966,no
1346,no
2001,no
18118,no
27478,no
10045,no
26487,no
26059,no
29021,no
15823,no
26788,no
13007,no
7445,no
7390,no
8295,no
19601,no
21899,no
15392,no
10134,no
15247,no
11800,no
2777,no
29303,yes
14022,no
22373,no
28258,yes
13495,yes
1196,no
26077,no
9596,no
11498,no
15936,no
19809,no
14125,no
11212,no
12734,no
24080,no
26998,no
10825,no
4625,no
25856,no
2315,no
4606,no
14729,no
15380,no
23698,yes
26222,no
2022,no
24601,no
25638,yes
21397,no
16014,no
18405,no
22970,no
9731,no
11495,no
8455,no
23024,no
28110,yes
21214,no
29589,yes
13585,no
27681,yes
29242,no
22060,yes
28626,no
1746,no
9142,no
10208,no
21928,no
9444,no
23907,no
12128,no
16508,no
12666,no
13035,no
7163,no
10921,no
10685,no
16765,no
24621,no
11725,no
3964,no
25237,no
16797,no
4354,no
6563,no
5109,no
25558,no
17416,no
19420,no
5187,no
23381,no
3525,no
25864,no
18034,no
21065,no
4496,no
17640,no
21026,no
17892,no
23687,no
28608,yes
13060,no
19335,no
23161,no
19732,no
1717,no
15760,no
6691,no
13465,no
12253,no
2369,no
9697,no
27523,no
12175,no
24127,no
6671,no
11833,no
17582,no
10385,no
22527,no
21386,no
2629,no
18318,no
15632,no
1381,no
8837,no
23284,no
2253,no
28545,no
19683,no
2525,no
24505,no
25750,no
580,no
7889,no
16126,no
22515,no
21760,no
12077,yes
10305,no
4832,no
27397,yes
27494,no
20825,no
27357,yes
4345,no
16796,no
25138,no
17954,no
15695,no
25003,no
4951,no
18375,no
12632,no
3551,no
2614,no
17257,no
24377,no
5524,no
8523,no
20376,no
24375,yes
13982,no
3850,no
13090,no
26081,no
16842,no
10347,no
29487,yes
19447,no
16360,no
3670,no
19747,no
18475,no
1675,yes
27057,yes
24606,no
12173,no
12998,no
3365,no
2848,no
11419,no
5515,no
14827,no
16480,no
11782,no
27936,no
21613,no
22590,no
24389,no
10860,no
769,no
25861,no
29529,yes
24653,no
4928,no
18996,no
19960,no
29358,yes
10185,no
11882,no
25577,no
26351,no
20983,yes
4708,no
21472,no
21148,no
6642,no
7467,no
6811,no
24092,no
22167,no
9039,no
25893,no
20249,yes
28569,yes
23570,no
23426,no
24110,no
5088,no
27353,no
18774,no
473,no
24096,no
23175,no
10083,no
27499,no
14964,no
26984,no
9618,no
6115,no
24604,no
14226,no
6042,no
2055,no
1083,no
9589,no
7786,no
5659,no
20926,no
6626,no
264,no
28722,yes
24068,no
3042,no
7478,no
19603,no
9115,no
18116,no
21415,no
8921,no
20835,no
24059,no
23253,no
19443,no
20867,no
1371,no
29943,no
9612,no
27257,no
12978,no
4515,no
8327,yes
8555,no
1702,no
15798,no
13119,no
19949,no
7404,no
1589,no
1568,no
11991,no
23062,no
14890,no
7346,no
21227,no
12905,no
22908,no
1582,no
12538,no
6780,no
11959,no
16235,no
8574,no
3698,no
3422,no
11320,no
2869,no
1009,no
6927,no
28509,yes
7126,no
18444,no
25335,no
1167,no
9358,no
13269,no
17041,no
18296,no
18638,no
23007,no
19798,no
3471,no
11087,no
1567,no
20971,no
20703,yes
28519,no
26235,no
15420,no
3389,no
25790,no
27371,yes
16705,no
18077,no
18376,no
10791,no
17099,no
16822,no
25165,no
6597,no
23028,no
8920,no
21364,no
21986,no
24203,no
13639,no
1508,no
19223,no
28975,no
10710,yes
16061,no
22483,no
15373,no
10827,no
7620,no
17267,no
12525,no
9483,no
3774,no
12389,no
10777,no
21913,no
9895,no
8513,no
21741,no
20076,no
14705,no
21517,no
1825,no
11988,no
13477,no
5961,no
3492,no
13842,no
26668,no
25974,no
28988,no
7463,no
10786,no
15649,no
749,no
15243,no
26734,yes
5307,no
19351,no
20624,no
1649,no
22424,no
6752,no
8250,no
9010,no
24278,no
9227,no
22384,no
13167,no
2324,no
20795,no
10676,no
16880,no
7083,no
13661,no
16099,no
24933,no
8917,no
14218,no
28299,no
29634,yes
4058,no
25209,no
9772,no
13524,no
14347,no
16055,no
17211,no
10030,no
23782,no
14912,no
9970,yes
20871,no
23249,no
23285,no
5116,no
13681,no
9061,no
21156,no
12977,no
17681,no
8964,no
13258,no
28470,no
23167,no
23135,no
22744,no
1911,no
24306,no
6532,no
7782,yes
13948,no
18433,no
5946,no
15748,no
6153,no
29480,yes
13884,no
7366,no
12988,no
28857,yes
15159,no
19594,no
8919,no
16151,no
1201,no
18940,no
28702,yes
29608,no
16921,no
6003,no
27434,yes
23364,yes
2532,no
27006,no
17801,no
9104,no
3048,no
22134,no
8677,yes
19436,no
28161,no
5113,no
8982,no
28335,no
15523,no
10655,no
27845,no
22093,no
14199,no
650,no
7787,no
26050,no
21704,no
16209,no
17698,no
29331,no
18428,no
27204,no
15831,no
26267,no
9130,no
6479,no
11205,no
13116,no
21254,no
22166,no
5493,no
11559,no
13515,no
25994,no
1457,no
991,no
14175,no
28775,no
28180,yes
23690,no
7199,no
28029,yes
1647,no
16755,yes
5671,no
17906,no
26838,no
4508,no
667,no
19365,no
26402,no
24339,no
13881,no
2798,no
20761,no
18898,no
1987,no
16411,no
6287,no
6431,no
25834,no
29156,no
15064,no
8223,no
25814,no
22867,no
1194,yes
21100,no
11304,no
396,no
22287,no
10262,no
762,no
6424,no
16257,no
14117,no
2044,no
25889,no
7498,no
16109,no
154,no
25394,no
4800,no
27312,yes
11830,yes
9064,no
5440,no
28444,no
1862,no
18515,no
27308,no
11695,no
26842,no
7108,no
6372,no
4082,no
8476,no
24879,no
27437,no
157,no
24767,no
7837,no
13899,no
23226,no
29288,no
19264,no
26683,no
2873,no
9259,no
26589,yes
12585,no
20220,no
17545,no
8764,no
27172,no
16464,no
23289,no
4491,no
17524,no
26164,no
6395,no
5330,no
18182,no
9605,no
19534,no
24982,no
17789,no
21828,no
16540,no
8320,no
5300,yes
19333,no
16956,no
22971,no
25042,no
718,no
804,no
17782,no
25503,no
23124,no
20482,no
25663,no
13953,no
24991,no
27588,no
15137,no
15743,no
14096,no
11359,no
2060,no
11589,no
26149,no
6787,no
3737,yes
15046,no
15382,no
179,no
25596,no
12686,no
9420,no
9544,no
10701,no
19956,no
7234,no
24132,no
10757,no
11810,no
872,no
12833,no
26285,no
3586,no
16931,no
22890,no
20185,yes
10905,no
15250,no
21960,no
4943,no
26268,no
17347,no
16188,no
14113,no
6903,no
8607,no
4098,no
10162,no
23398,no
20398,no
9345,no
12286,yes
12396,yes
21486,no
15387,no
13876,no
15273,no
20435,no
8668,no
25622,no
25384,no
25863,no
2706,no
23805,no
26089,no
7558,no
25792,no
29684,yes
18995,no
19459,no
12295,no
29049,no
5192,no
1913,no
25886,no
7930,no
25097,no
7018,no
27087,no
24254,no
15510,no
24321,no
16588,no
14940,yes
16739,no
19178,no
13520,no
7179,no
4495,no
25717,no
8577,no
3432,no
26562,no
2653,no
9201,no
21460,yes
19109,no
20437,no
20573,no
22788,no
19290,no
14638,no
1778,no
16946,no
5694,no
14395,no
29438,yes
4722,no
20522,no
913,no
10945,no
18716,no
19571,no
22435,no
3775,no
11514,no
15108,no
9903,no
6595,no
15718,no
25633,no
9500,no
19087,no
26179,no
26720,no
2802,no
11128,no
14796,no
9561,no
26204,yes
1678,no
24221,yes
20188,yes
8740,no
22475,no
22113,no
17103,no
21842,no
20524,no
16390,no
12211,no
26007,no
7665,no
18286,no
2814,no
19298,no
14921,no
4126,no
27384,no
2090,no
20400,no
17244,no
81,no
19894,no
2755,no
8750,no
24540,no
12642,no
11754,no
21142,no
18602,no
10217,no
16115,no
20548,no
17665,no
13531,no
28088,no
7264,no
16466,no
3011,no
27892,no
9629,no
18413,no
2438,no
20824,no
19462,no
16321,no
27898,no
9416,no
19350,no
12342,no
12483,no
13751,no
17838,no
25712,no
25197,no
1272,no
12460,no
19767,no
7135,no
8745,no
28629,yes
19509,yes
22154,no
9762,no
28105,no
719,no
10050,no
4631,no
1189,no
25547,no
21356,no
26440,yes
3947,no
11242,no
10186,no
4324,no
17177,no
6990,no
22700,no
24351,no
25744,no
25105,no
13297,no
26780,no
16186,no
16692,no
